<?xml version="1.0" encoding="UTF-8" standalone="no"?>
<registration_data version="1.0">
   <environment>
      <hostname>ZHU-PC</hostname>
      <hostId/>
      <osName>Windows 7</osName>
      <osVersion>6.1</osVersion>
      <osArchitecture>x86</osArchitecture>
      <systemModel>To Be Filled By O.E.M.</systemModel>
      <systemManufacturer>To Be Filled By O.E.M.</systemManufacturer>
      <cpuManufacturer>GenuineIntel</cpuManufacturer>
      <serialNumber>To Be Filled By O.E.M.</serialNumber>
   </environment>
   <registry urn="urn:st:73b93332-608f-47cd-a851-9d2f3295888f" version="1.0">
      <service_tag>
         <instance_urn>urn:st:44ddd42c-f42f-4451-8a07-37dbc5174f78</instance_urn>
         <product_name>Java SE 6 Development Kit</product_name>
         <product_version>1.6.0_25</product_version>
         <product_urn>urn:uuid:b58ef9a8-5ae8-11db-a023-080020a9ed93</product_urn>
         <product_parent_urn>urn:uuid:fdc90b21-018d-4cab-b866-612c7c119ed3</product_parent_urn>
         <product_parent>Java Platform Standard Edition 6 (Java SE 6)</product_parent>
         <product_defined_inst_id>id=1.6.0_25-b06 x86,dir=C:\Program Files (x86)\Java\jdk1.6.0_25\jre</product_defined_inst_id>
         <product_vendor>Sun Microsystems</product_vendor>
         <platform_arch>x86</platform_arch>
         <timestamp>2012-06-16 06:49:33 GMT</timestamp>
         <container>global</container>
         <source>Windows JDK i586 installer</source>
         <installer_uid>-1</installer_uid>
      </service_tag>
   </registry>
</registration_data>
