<?xml version='1.0' encoding='UTF-8'?>
<!DOCTYPE hibernate-configuration PUBLIC
          "-//Hibernate/Hibernate Configuration DTD 3.0//EN"
          "http://hibernate.sourceforge.net/hibernate-configuration-3.0.dtd">
<hibernate-configuration>
	<session-factory>
		<property name="dialect">
			org.hibernate.dialect.MySQL5InnoDBDialect
		</property>
		<property name="connection.url">jdbc:mysql://127.0.0.1:3306/bea?charachterEncoding=UTF-8;</property>
		<property name="connection.username">root</property>
		<property name="connection.driver_class">com.mysql.jdbc.Driver</property>
		<property name="myeclipse.connection.profile">com.mysql.jdbc.Driver</property>
		<property name="connection.password" >!@#$%12345</property>
		<property name="show_sql">true</property>
		<property name="connection.autocommit">true</property>
	</session-factory>
</hibernate-configuration>


